category,sub_category
Restaurants,Chinese
Restaurants,Mexican
Restaurants,Breakfast & Brunch
Restaurants,Italian
Restaurants,American
Restaurants,Barbecue
Restaurants,Japanese
Restaurants,Latin American
Restaurants,Sushi Bars
Restaurants,Caribbean
Restaurants,Halal
Restaurants,Indian
Restaurants,Mediterranean
Restaurants,Asian Fusion
Restaurants,Thai
Restaurants,Noodles
Restaurants,Korean
Restaurants,Vegan
Restaurants,French
Restaurants,Middle Eastern
Restaurants,Spanish
Restaurants,Steakhouses
Restaurants,Lounges
Restaurants,Diners
Restaurants,Greek
Restaurants,Vegetarian
Restaurants,Ramen
Restaurants,Dim Sum
Restaurants,Tapas/Small Plates
Restaurants,Colombian
Restaurants,Dominican
Restaurants,Vietnamese
Restaurants,Peruvian
Restaurants,Wraps
Restaurants,Soul Food
Restaurants,Gluten-Free
Restaurants,Cantonese
Restaurants,Cuban
Restaurants,Gastropubs
Restaurants,Pasta Shops
Restaurants,Szechuan
Restaurants,African
Restaurants,Creperies
Restaurants,Irish
Restaurants,Pakistani
Restaurants,Southern
Restaurants,Filipino
Restaurants,Anhui
Restaurants,Acehnese
Restaurants,Afghan
Restaurants,Abruzzo
Restaurants,Andhra
Restaurants,Arabic
Restaurants,Argentinian
Restaurants,Asian
Restaurants,Australian
Restaurants,Austrian
Restaurants,Awadhi
Restaurants,Azerbaijani
Restaurants,Baden
Restaurants,Balinese
Restaurants,Buffet
Restaurants,Chicken
Restaurants,Family
Restaurants,Hamburger
Restaurants,Indonesian
Restaurants,Pizza
Restaurants,Turkish
Restaurants,Western
Restaurants,Sichuan
Shopping,Fashion
Shopping,International Grocery
Shopping,Jewelry
Shopping,Women's Clothing
Shopping,Drugstores
Shopping,"Books, Mags, Music & Video"
Shopping,Accessories
Shopping,Furniture Stores
Shopping,Shoe Stores
Shopping,Convenience Stores
Shopping,Men's Clothing
Shopping,Antiques
Shopping,Sporting Goods
Shopping,Sports Wear
Shopping,Home Decor
Shopping,Videos & Video Game Rental
Shopping,Leather Goods
Shopping,Department Stores
Shopping,Watches
Shopping,Discount Store
Shopping,Music & DVDs
Shopping,Book store
Shopping,Toy Stores
Shopping,Lingerie
Shopping,Mattresses
Shopping,Bridal
Shopping,Wholesale Stores
Shopping,Personal Shopping
Shopping,Arts & Crafts
Shopping,Shopping Centers
Shopping,Hobby Shops
Shopping,Customized Merchandise
Shopping,"Used, Vintage & Consignment"
Shopping,Pop-up Shops
Shopping,Fur Clothing
Shopping,Flowers & Gifts
Shopping,Malls
Shopping,Shops
Shopping,Specialty Shops
Shopping,Airport Shops
Shopping,Farmers market
Shopping,Flea/ Street Markets
Shopping,Baby & children's clothing store
Shopping,Electronic shop
Shopping,Piano store
Shopping,Supermarket
Shopping,Silk store
Shopping,Mexican grocery store
Shopping,Japanese grocery store
Shopping,Vintage clothing store
Shopping,Welding supply store
Shopping,Vape Shops
Shopping,Building materials store
Shopping,Cell phone store
Shopping,Computer store
Shopping,Cosmetics store
Shopping,Tobacco shop
Nightlife,Bars
Nightlife,Cocktail Bars
Nightlife,Wine Bars
Nightlife,Sports Bars
Nightlife,Pubs
Nightlife,Music Venues
Nightlife,Beer Bar
Nightlife,Dance Clubs
Nightlife,Hookah Bars
Nightlife,Dive Bars
Nightlife,Karaoke
Nightlife,Irish Pub
Nightlife,Comedy Clubs
Nightlife,Pool Halls
Nightlife,Jazz & Blues
Nightlife,Tapas Bars
Nightlife,Beer Gardens
Nightlife,Gay Bars
Nightlife,Speakeasies
Nightlife,Airport Lounges
Nightlife,Whiskey Bars
Nightlife,"Beer, Wine & Spirits"
Nightlife,Cigar Bars
Nightlife,Tex-Mex
Nightlife,Portuguese
Nightlife,Cajun/Creole
Nightlife,Breweries
Nightlife,German
Nightlife,Tiki Bars
Nightlife,Jazz Bars
Nightlife,Performances
Nightlife,Blues Bars
Nightlife,Piano Bar
Nightlife,Country Western Bars
Nightlife,Poke bar
Nightlife,Cider bar
Nightlife,Night Club
Active Life,Fitness & Instruction
Active Life,Trainers
Active Life,Gyms
Active Life,Martial Arts
Active Life,Yoga
Active Life,Dance Studios
Active Life,Summer Camps
Active Life,Pilates
Active Life,Meditation Centers
Active Life,Sports Clubs
Active Life,Boot Camps
Active Life,Playgrounds
Active Life,Boxing
Active Life,Child Care & Day Care
Active Life,Taekwondo
Active Life,Amateur Sports Teams
Active Life,Tennis
Active Life,Kickboxing
Active Life,Swimming Lessons/Schools
Active Life,Karate
Active Life,Day Camps
Active Life,Golf
Active Life,Boating
Active Life,Interval Training Gyms
Active Life,Soccer
Active Life,Swimming Pools
Active Life,Reiki
Active Life,Physical Therapy
Active Life,Bike Rentals
Active Life,Cardio Classes
Active Life,Brazilian Jiu-jitsu
Active Life,Weight Loss Centers
Active Life,Recreation Centers
Active Life,Self-defense Classes
Active Life,Barre Classes
Active Life,Life Coach
Active Life,Senior Centers
Active Life,Fishing
Active Life,Gymnastics
Active Life,Health Coach
Active Life,Amusement Parks
Active Life,Basketball Courts
Active Life,Cycling Classes
Active Life,Muay Thai
Active Life,Bowling
Active Life,Tai Chi
Active Life,Bikes
Active Life,Hiking
Active Life,Beaches
Active Life,Golf Lessons
Active Life,Indoor Playcentre
Active Life,Skating Rinks
Active Life,Rafting/Kayaking
Active Life,Baseball Fields
Active Life,Circuit Training Gyms
Active Life,Escape Games
Active Life,Arcades
Active Life,Fencing Clubs
Active Life,Qi Gong
Active Life,Team Building Activities
Active Life,Races & Competitions
Active Life,Sailing
Active Life,Supernatural Readings
Active Life,Chinese Martial Arts
Active Life,Sports Camps/ Clinics
Active Life,Horseback Riding Stables
Active Life,Motorcycle Trails
Active Life,Cross-country Ski Areas
Active Life,Zoos
Active Life,Surf Camps
Active Life,Off road/All Terrain Vehicle Trails
Travel & Tours,Stand-Up Paddleboarding
Travel & Tours,Water sports
Active Life,Sports Complexes
Active Life,Aquariums
Active Life,Tourist attraction
Automotive,Auto Repair
Automotive,Towing
Automotive,Gas Stations
Automotive,Body Shops
Automotive,Car Dealers
Automotive,Tires
Automotive,Parking
Automotive,Auto Detailing
Automotive,Car Wash
Automotive,Auto Parts & Supplies
Automotive,Oil Change Stations
Automotive,Auto Glass Services
Automotive,Used Car Dealers
Automotive,Transmission Repair
Automotive,Roadside Assistance
Automotive,Vehicle Wraps
Automotive,Car Stereo Installation
Automotive,Auto Customization
Automotive,Vehicle Shipping
Automotive,Car Window Tinting
Automotive,Commercial Truck Repair
Automotive,Car Buyers
Automotive,Windshield Installation & Repair
Automotive,Wheel & Rim Repair
Automotive,Motorcycle Dealers
Automotive,Auto Loan Providers
Automotive,Car Brokers
Automotive,Motorcycle Repair
Automotive,Transportation
Automotive,Mobility Equipment Sales & Services
Automotive,Auto Security
Automotive,Car window tinting service
Automotive,Car wheel polishing service
Automotive,Car store
Automotive,Auto parts store
Beauty & Spas,Hair Salons
Beauty & Spas,Nail Salons
Beauty & Spas,Hair Removal
Beauty & Spas,Cosmetics & Beauty Supply
Beauty & Spas,Barbers
Beauty & Spas,Skin Care
Beauty & Spas,Hair Stylists
Beauty & Spas,Eyelash Service
Beauty & Spas,Waxing
Beauty & Spas,Makeup Artists
Beauty & Spas,Massage
Beauty & Spas,Day Spas
Beauty & Spas,Medical Spas
Beauty & Spas,Hair Extensions
Beauty & Spas,Eyebrow Services
Beauty & Spas,Laser Hair Removal
Beauty & Spas,Permanent Makeup
Beauty & Spas,Massage Therapy
Beauty & Spas,Tattoo
Beauty & Spas,Tanning
Beauty & Spas,Threading Services
Beauty & Spas,Nail Technicians
Beauty & Spas,Blow Dry/Out Services
Beauty & Spas,Body Contouring
Beauty & Spas,Reflexology
Beauty & Spas,Piercing
Beauty & Spas,Wigs
Beauty & Spas,Teeth Whitening
Beauty & Spas,Men's Hair Salons
Beauty & Spas,Spray Tanning
Beauty & Spas,Perfume
Beauty & Spas,Hair Loss Centers
Beauty & Spas,Estheticians
Beauty & Spas,Cosmetic Surgeons
Beauty & Spas,Aestheticians
Beauty & Spas,Acne Treatment
Beauty & Spas,Acupuncture
Beauty & Spas,IV Hydration
Beauty & Spas,Kids Hair Salons
Beauty & Spas,Tattoo Removal
Beauty & Spas,Roman baths
Beauty & Spas,Arab baths
Beauty & Spas,Hammams & Turkish baths
Beauty & Spas,Thermal spas
Home Services,Home Cleaning
Home Services,Plumbing
Home Services,HVAC Services
Home Services,Electricians
Home Services,Office Cleaning
Home Services,Roofing
Home Services,Interior Design
Home Services,Movers
Home Services,Building Supplies
Home Services,Flooring
Home Services,Landscaping
Home Services,Home & Garden
Home Services,Handyman
Home Services,Pressure Washers
Home Services,Lighting Fixtures & Equipment
Home Services,Home Health Care
Home Services,Security Systems
Home Services,Carpet Cleaning
Home Services,Home Inspectors
Home Services,Keys & Locksmiths
Home Services,Cabinetry
Home Services,Water Heater Services
Home Services,Carpenters
Home Services,Tree Services
Home Services,Siding
Home Services,Window Washing
Home Services,Drywall Installation & Repair
Home Services,Carpeting
Home Services,Tiling
Home Services,Kitchen & Bath
Home Services,Shades & Blinds
Home Services,Glass & Mirrors
Home Services,Fences & Gates
Home Services,Door Sales/Installation
Home Services,Refinishing Services
Home Services,Landscape Architects or Designers
Home Services,Decks & Railing
Home Services,Waterproofing
Home Services,Self Storage
Home Services,Garage Door Services
Home Services,Home Automation
Home Services,Home Theatre Installation
Home Services,Utilities
Home Services,Countertop Installation
Home Services,Lawn Services
Home Services,Chimney Sweeps
Home Services,Foundation Repair
Home Services,Pool & Hot Tub Service
Home Services,Air Duct Cleaning
Home Services,Laundry Services
Home Services,Furniture Assembly
Home Services,Fire Protection Services
Home Services,Solar Installation
Home Services,Carpet Installation
Home Services,Gardeners
Home Services,Babysister
Coffee & Tea,Bakeries
Coffee & Tea,Cafes
Coffee & Tea,Donuts
Coffee & Tea,Desserts
Coffee & Tea,Juice Bars & Smoothies
Coffee & Tea,Bagels
Coffee & Tea,Ice Cream & Frozen Yogurt
Coffee & Tea,Bubble Tea Store
Coffee & Tea,Custom Cakes
Coffee & Tea,Acai Bowls
Coffee & Tea,Coffee Roasteries
Coffee & Tea,Cupcakes
Coffee & Tea,Organic Stores
Coffee & Tea,Fruits & Veggies
Coffee & Tea,Patisserie/Cake Shop
Coffee & Tea,Empanadas
Coffee & Tea,Poke
Coffee & Tea,Chocolatiers & Shops
Coffee & Tea,Candy Stores
Coffee & Tea,Tea Rooms
Coffee & Tea,Gelato
Coffee & Tea,Waffles
Coffee & Tea,Coffeehouses
Coffee & Tea,Coffee shop
Coffee & Tea,Ice cream shop
Coffee & Tea,Internet cafe
Food,Grocery
Food,Specialty Food
Food,Delis
Food,Sandwiches
Food,Meat Shops
Food,Food Delivery Services
Food,Food Trucks
Food,Health Markets
Food,Seafood
Food,Seafood Markets
Food,Chicken Wings
Food,Burgers
Food,Fast Food
Food,Salad
Food,Food Stands
Food,Street Vendors
Food,Barbeque
Food,Chicken Shop
Food,Butcher shop
Food,Cheese Shops
Food,Tacos
Food,Kosher
Food,Soup
Food,Imported Food
Food,Hot Dogs
Food,Food Court
Food,Organic Food
Food,Bar & Grill
Food,Bagel shop
Food,Bakery
Food,Grocery store
Food,Soup kitchen
Arts & Entertainment,Performing Arts
Arts & Entertainment,Art Galleries
Arts & Entertainment,Psychics
Arts & Entertainment,Museums
Arts & Entertainment,Festivals
Arts & Entertainment,Social Clubs
Arts & Entertainment,Cinema
Arts & Entertainment,Astrologers
Arts & Entertainment,Psychic Mediums
Arts & Entertainment,Paint & Sip
Arts & Entertainment,Cultural Center
Arts & Entertainment,Framing
Arts & Entertainment,Veterans Organizations
Arts & Entertainment,Ticket Sales
Arts & Entertainment,Country Clubs
Arts & Entertainment,Stadiums & Arenas
Arts & Entertainment,Professional Sports Teams
Arts & Entertainment,Spiritual Shop
Arts & Entertainment,Art Museums
Arts & Entertainment,Magicians
Arts & Entertainment,Opera & Ballet
Arts & Entertainment,Recording & Rehearsal Studios
Arts & Entertainment,Studio Taping
Arts & Entertainment,Botanical Gardens
Arts & Entertainment,Casinos
Local Flavor,Cabaret
Arts & Entertainment,Face Painting
Arts & Entertainment,Virtual Reality Centers
Arts & Entertainment,Natural History Museums
Arts & Entertainment,Children's Museums
Arts & Entertainment,Science Museums
Arts & Entertainment,Specialty Museums
Health & Medical,Doctors
Health & Medical,Internal Medicine
Health & Medical,Podiatrists
Health & Medical,Medical Centers
Health & Medical,Cardiologists
Health & Medical,Oncologist
Health & Medical,Family Practice
Health & Medical,Psychiatrists
Health & Medical,Obstetricians & Gynecologists
Health & Medical,Orthopedists
Health & Medical,Surgeons
Health & Medical,Pediatricians
Health & Medical,Hospitals
Health & Medical,Dentists
Health & Medical,Diagnostic Services
Health & Medical,Nutritionists
Health & Medical,Pharmacy
Health & Medical,Sports Medicine
Health & Medical,General Dentistry
Health & Medical,Radiologists
Health & Medical,Laboratory Testing
Health & Medical,Gastroenterologist
Health & Medical,Counseling & Mental Health
Health & Medical,Pain Management
Health & Medical,Neurologist
Health & Medical,Personal Care Services
Health & Medical,Dialysis Clinics
Health & Medical,Rehabilitation Center
Health & Medical,Cosmetic Dentists
Health & Medical,Anesthesiologists
Health & Medical,Vascular Medicine
Health & Medical,Plastic Surgeons
Health & Medical,Urologists
Health & Medical,Chiropractors
Health & Medical,Speech Therapists
Health & Medical,Naturopathic/Holistic
Health & Medical,Retirement Homes
Health & Medical,Hearing Aid Providers
Health & Medical,Urgent Care
Health & Medical,Allergists
Health & Medical,Vitamins & Supplements
Health & Medical,Acupuncture doctor
Health & Medical,Alternative medicine practitioner
Health & Medical,Dental clinic
Health & Medical,Dermatologist
Health & Medical,Family practice physician
Health & Medical,Health consultant
Health & Medical,Internist
Health & Medical,Medical clinic
Health & Medical,Obstetrician-gynecologist
Health & Medical,Occupational therapist
Health & Medical,Ophthalmologist
Health & Medical,Physical therapist
Health & Medical,Speech pathologist
Professional Services,Lawyers
Professional Services,Architects
Professional Services,Employment Agencies
Professional Services,Personal Injury Law
Professional Services,Divorce & Family Law
Professional Services,General Contractors
Professional Services,Real Estate Law
Professional Services,IT Services & Computer Repair
Professional Services,Criminal Defense Law
Professional Services,General Litigation
Professional Services,Immigration Law
Professional Services,Printing Services
Professional Services,Estate Planning Law
Professional Services,Business Law
Professional Services,Bankruptcy Law
Professional Services,Internet Service Providers
Professional Services,Legal Services
Professional Services,Wholesalers
Professional Services,Employment Law
Professional Services,Security Services
Professional Services,Career Counseling
Professional Services,Home Organization
Professional Services,Notaries
Professional Services,"Wills, Trusts, & Probates"
Professional Services,Telecommunications
Professional Services,Damage Restoration
Professional Services,Masonry/Concrete
Professional Services,Translation Services
Professional Services,Private Investigation
Professional Services,Editorial Services
Professional Services,DUI Law
Professional Services,Medical Law
Professional Services,Workers Compensation Law
Professional Services,Shipping Centers
Professional Services,Gutter Services
Professional Services,Commissioned Artists
Professional Services,Travel agency
Pets,Pet Services
Pets,Pet Sitting
Pets,Dog Walkers
Pets,Veterinarians
Pets,Pet Groomers
Pets,Pet Training
Pets,Pet Stores
Pets,Pet Boarding
Pets,Pet Photography
Pets,Pet Breeders
Pets,Pet Adoption
Pets,Animal Shelters
Pets,Pet Transportation
Pets,Dog Parks
Pets,Pet Waste Removal
Pets,Local Fish Stores
Pets,House Sitters
Pets,Holistic Animal Care
Pets,Pet Hospice
Pets,Emergency Pet Hospital
Pets,Pet Cremation Services
Pets,Horse Boarding
Pets,Pet Insurance
Pets,Pet supply store
Real Estate,Real Estate Agents
Real Estate,Apartments
Real Estate,Property Management
Real Estate,Commercial Real Estate
Real Estate,Shared Office Spaces
Real Estate,Real Estate Photography
Real Estate,Home Staging
Real Estate,Condominiums
Real Estate,Art Space Rentals
Real Estate,Estate Liquidation
Real Estate,Land Surveying
Real Estate,Real estate agency
Real Estate,Construction company
Real Estate,Corporate office
Real Estate,Government office
Real Estate,Warehouse
Real Estate,Apartment building
Real Estate,Condominium complex
Real Estate,Housing complex
Real Estate,Housing development
Real Estate,Housing society
Hotels,Hotel
Hotels,Holiday home
Hotels,Guest house
Hotels,Homestay
Hotels,Apartment
Hotels,Entire home & apartment
Hotels,Resort
Hotels,Villa
Hotels,Onsen Resort
Hotels,Motel
Hotels,Hostel
Hotels,Love Hotel
Hotels,Capsule hotel
Hotels,Japanese-style Business Hotel
Hotels,ApartHotel
Hotels,Bed & breakfast
Hotels,Luxury tents
Hotels,Inn
Hotels,1 star
Hotels,2 star
Hotels,3 star
Hotels,4 star
Hotels,5 star
Hotels,Lodge
Hotels,B&B Hotel
Hotels,Campground
Hotels,Camping cabin
Hotels,Holiday apartment rental
Travel & Tours,Limos
Travel & Tours,Travel Services
Travel & Tours,Hotels
Travel & Tours,Taxis
Travel & Tours,Tours
Travel & Tours,Airport Shuttles
Travel & Tours,Car Rental
Travel & Tours,Travel Agents
Travel & Tours,Town Car Service
Travel & Tours,Public Transportation
Travel & Tours,Buses
Travel & Tours,Metro Stations
Travel & Tours,Party Bus Rentals
Travel & Tours,Walking Tours
Travel & Tours,Train Stations
Travel & Tours,Airlines
Travel & Tours,Vacation Rentals
Travel & Tours,Bus Tours
Travel & Tours,Passport & Visa Services
Travel & Tours,Historical Tours
Travel & Tours,Wine Tours
Travel & Tours,Food Tours
Travel & Tours,Truck Rental
Travel & Tours,Boat Tours
Travel & Tours,Airports
Travel & Tours,Vacation Rental Agents
Travel & Tours,Bike tours
Travel & Tours,Guest Houses
Travel & Tours,Private Jet Charter
Travel & Tours,Medical Transportation
Travel & Tours,Ferries
Travel & Tours,Boat Charters
Travel & Tours,Bus Rental
Travel & Tours,Art Tours
Travel & Tours,Trains
Travel & Tours,Kayaking & canoeing
Travel & Tours,Waterskiing & jetskiing
Travel & Tours,Surfing
Travel & Tours,Windsurfing & Kitesurfing
Travel & Tours,Submarine tours
Travel & Tours,Shark diving
Travel & Tours,Scuba & snorkelling
Travel & Tours,River rafting & tubing
Travel & Tours,Parasailing & paragliding
Travel & Tours,Speed boats tours
Travel & Tours,Duck tours
Travel & Tours,Boat rentals
Travel & Tours,Dolphin & whale watching
Travel & Tours,Fishing charters & tours
Travel & Tours,Gondola cruises
Travel & Tours,Horse-Drawn Carriage Tours
Travel & Tours,Zipline tours
Travel & Tours,Ski & snow tours
Travel & Tours,Climbing tours
Travel & Tours,Adrenaline & extreme tours
Local Services,Sewing & Alterations
Local Services,Laundromat
Local Services,Pest Control
Local Services,Appliances & Repair
Local Services,Dry Cleaning
Local Services,Junk Removal & Hauling
Local Services,Mobile Phones
Local Services,Couriers & Delivery Services
Local Services,Funeral Services & Cemeteries
Local Services,Mobile Phone Repair
Local Services,Electronics
Local Services,Furniture Reupholstery
Local Services,Snow Removal
Local Services,Hardware Stores
Local Services,Screen Printing/T-Shirt Printing
Local Services,Shoe Repair
Local Services,Electronics Repair
Local Services,Metal Fabricators
Local Services,Jewelry Repair
Local Services,TV Mounting
Local Services,Packing Services
Local Services,Environmental Abatement
Local Services,Signmaking
Local Services,Environmental Testing
Local Services,Mobile Phone Accessories
Local Services,Mailbox Centers
Local Services,Elevator Services
Local Services,Recycling Center
Local Services,Watch Repair
Local Services,Florist
Local Services,Demolition Services
Local Services,Appraisal Services
Local Services,Computers
Local Services,Appliances
Local Services,Data Recovery
Local Services,Septic Services
Local Services,Generator Installation/Repair
Local Services,Bike Repair/Maintenance
Local Services,Piano Services
Local Services,Furniture Repair
Local Services,Awnings
Local Services,Dumpster Rental
Local Services,Engraving
Local Services,Packing Supplies
Local Services,Community Gardens
Local Services,Nanny Services
Local Services,Machine & Tool Rental
Local Services,Home Network Installation
Local Services,Screen Printing
Local Services,Paint Stores
Local Services,Windows Installation
Local Services,Wildlife Control
Local Services,Gear rentals
Local Services,Ferries/ Boats
Local Services,Airport services
Local Services,Bus services
Local Services,Rail services
Local Services,Trams
Local Services,Airport & ground transfers
Event Planning & Services,Music Production Services
Event Planning & Services,Musicians
Event Planning & Services,DJs
Event Planning & Services,Photographers
Event Planning & Services,Videographers
Event Planning & Services,Session Photography
Event Planning & Services,Musical Instrument Services
Event Planning & Services,Party Equipment Rentals
Event Planning & Services,Audio/Visual Equipment Rental
Event Planning & Services,Venues & Event Spaces
Event Planning & Services,Talent Agencies
Event Planning & Services,Event Photography
Event Planning & Services,Party & Event Planning
Event Planning & Services,Vocal Coach
Event Planning & Services,Photo Booth Rentals
Event Planning & Services,Wedding Planning
Event Planning & Services,Sporting events & packages
Event Planning & Services,Cultural Events
Event Planning & Services,Seasonal Fireworks
Event Planning & Services,Exhibitions
Event Planning & Services,Music Festivals
Public Services & Government,Post Offices
Public Services & Government,Libraries
Public Services & Government,Parks
Public Services & Government,Landmarks & Historical Buildings
Public Services & Government,Police Departments
Public Services & Government,Community Centers
Public Services & Government,Embassy
Public Services & Government,Courthouses
Public Services & Government,Fire Departments
Public Services & Government,Departments of Motor Vehicles
Public Services & Government,Municipality
Public Services & Government,Community Service/Non-Profit
Public Services & Government,Jails & Prisons
Public Services & Government,Town Hall
Public Services & Government,Civic Center
Public Services & Government,Historic Sites
Public Services & Government,Ancient Ruins
Public Services & Government,Castles
Public Services & Government,Cemeteries
Public Services & Government,Churches/ Cathedrals
Public Services & Government,Government Buildings
Public Services & Government,Mines
Public Services & Government,Civic Centers
Public Services & Government,Landmarks/ Points of Interest
Public Services & Government,Architectural Buildings
Public Services & Government,Monuments/ StatuesBridges
Public Services & Government,Observation Decks/ Towers
Public Services & Government,Lookouts
Public Services & Government,Wharfs/ Piers/ Boardwalks
Public Services & Government,Fountains
Public Services & Government,Arenas/ Stadiums/ Fields
Public Services & Government,National Parks
Public Services & Government,State Parks
Public Services & Government,Valleys
Public Services & Government,Waterfalls
Public Services & Government,Water Parks
Public Services & Government,Non-profit organization
Financial Services,Insurance
Financial Services,Tax Services
Financial Services,Banks & Credit Unions
Financial Services,Investing
Financial Services,Financial Advising
Financial Services,Accountants
Financial Services,Life Insurance
Financial Services,Auto Insurance
Financial Services,Home & Rental Insurance
Financial Services,Payroll Services
Financial Services,Bookkeepers
Financial Services,Business Consulting
Financial Services,Check Cashing/Pay-day Loans
Financial Services,Business Financing
Financial Services,Debt Relief Services
Financial Services,Mortgage Lenders
Financial Services,Mortgage Brokers
Financial Services,Real Estate Services
Financial Services,Health Insurance Offices
Financial Services,Currency Exchange
Financial Services,Installment Loans
Education,Specialty Schools
Education,Elementary Schools
Education,Preschools
Education,Private Tutors
Education,Tutoring Centers
Education,Driving Schools
Education,Colleges & Universities
Education,Educational Services
Education,Test Preparation
Education,Dance Schools
Education,Art Classes
Education,Language Schools
Education,Art Schools
Education,CPR Classes
Education,Vocational & Technical School
Education,Adult Education
Education,Special Education
Education,Kids Activities
Education,College Counseling
Education,Musical Instruments & Teachers
Education,First Aid Classes
Education,Montessori Schools
Education,Painters
Education,Cosmetology Schools
Education,Parenting Classes
Education,Childbirth Education
Education,Speech Training
Education,Cooking Schools
Education,Doulas
Education,Firearm Training
Education,Private Schools
Education,Lactation Services
Education,Classes/Workshops
Education,Aviation school
Education,Education center
Education,High school
Education,Kindergarten
Education,Middle Schools
Education,School
Education,University
Local Flavor,Public Art
Local Flavor,Wine Tasting Room
Local Flavor,Wineries
Local Flavor,Caterers
Local Flavor,Comfort Food
Local Flavor,Parklets
Local Flavor,Art Installation
Local Flavor,Dinner Theaters
Local Flavor,Concerts
Local Flavor,Operas
Local Flavor,Symphonies
Local Flavor,Theater & musicals
Local Flavor,Bowling Alleys
Local Flavor,Movie Theaters
Religious Organizations,Churches
Religious Organizations,Synagogues
Religious Organizations,Mosques
Religious Organizations,Hindu Temples
Religious Organizations,Buddhist Temples
Religious Organizations,Religious Schools
Religious Organizations,Pagoda
Religious Organizations,Place of worship
Religious Organizations,Buddhist temple
Religious Organizations,Gurudwara
Religious Organizations,Jain temple
Religious Organizations,Parsi temple
Religious Organizations,Shinto shrine
Religious Organizations,Shrine
Religious Organizations,Spiritist center
Mass Media,Print Media
Mass Media,Marketing
Mass Media,Web Design
Mass Media,Video/Film Production
Mass Media,Radio Stations
Mass Media,Advertising
Mass Media,Graphic Design
Mass Media,Television Stations
Mass Media,Newspapers & Magazines
Mass Media,Software Development
Mass Media,Public Relations
Mass Media,Vinyl Records
Arts & Entertainment,Cabaret
